{
  "accuracy": [
    0.991587221622467,
    0.9949523210525513,
    0.9983174204826355,
    0.9980370402336121,
    0.9952327609062195,
    0.9983174204826355,
    0.9991587400436401,
    0.9988783001899719,
    0.9994391202926636,
    0.9994391202926636,
    0.9985978603363037,
    0.9997195601463318,
    0.9988783001899719,
    0.9997195601463318,
    0.9997195601463318,
    1.0
  ],
  "loss": [
    0.028848784044384956,
    0.020031806081533432,
    0.00700348848477006,
    0.006797447334975004,
    0.017328791320323944,
    0.007594550494104624,
    0.0021148102823644876,
    0.006539919879287481,
    0.0025288425385951996,
    0.0013617146760225296,
    0.007854937575757504,
    0.0018154466524720192,
    0.00438851211220026,
    0.002010590862482786,
    0.0007022370700724423,
    0.00042550897342152894
  ],
  "val_accuracy": [
    1.0,
    1.0,
    1.0,
    1.0,
    1.0,
    1.0,
    1.0,
    1.0,
    1.0,
    1.0,
    1.0,
    1.0,
    1.0,
    1.0,
    1.0,
    1.0
  ],
  "val_loss": [
    0.0018822710262611508,
    0.0002953681396320462,
    7.07074286765419e-05,
    0.00010653535719029605,
    0.005288644228130579,
    2.6587496904539876e-05,
    1.5926227206364274e-05,
    2.0253890397725627e-05,
    2.017123915720731e-05,
    1.3500977729563601e-05,
    2.172888162021991e-05,
    1.2618081200344022e-05,
    1.8422164430376142e-05,
    1.4433419892156962e-05,
    1.375416832161136e-05,
    1.1814754543593153e-05
  ],
  "learning_rate": [
    0.0003000000142492354,
    0.0003000000142492354,
    0.0003000000142492354,
    0.0003000000142492354,
    0.0003000000142492354,
    0.0003000000142492354,
    0.0003000000142492354,
    0.0003000000142492354,
    0.0001500000071246177,
    0.0001500000071246177,
    0.0001500000071246177,
    0.0001500000071246177,
    0.0001500000071246177,
    7.500000356230885e-05,
    7.500000356230885e-05,
    7.500000356230885e-05
  ]
}