{
  "accuracy": [
    0.35154828429222107,
    0.5,
    0.3169398903846741,
    0.6875,
    0.34608379006385803,
    0.375,
    0.32786884903907776,
    0.1875,
    0.33090466260910034,
    0.375,
    0.31268975138664246,
    0.1875,
    0.33940497040748596,
    0.1875,
    0.34669095277786255,
    0.0625,
    0.3260473608970642,
    0.4375,
    0.3327261805534363,
    0.375,
    0.3284760117530823,
    0.25,
    0.3454766273498535,
    0.3125,
    0.33515483140945435
  ],
  "loss": [
    1.6420848369598389,
    2.8096065521240234,
    1.5937291383743286,
    0.8254672288894653,
    1.5781443119049072,
    2.317798137664795,
    1.6199995279312134,
    1.94504714012146,
    1.5395081043243408,
    0.9815949201583862,
    1.6117476224899292,
    1.3650217056274414,
    1.5265271663665771,
    1.4284093379974365,
    1.525283932685852,
    2.590552568435669,
    1.5778882503509521,
    1.002994418144226,
    1.51777184009552,
    1.059697151184082,
    1.4813753366470337,
    1.9477661848068237,
    1.4931280612945557,
    1.6447830200195312,
    1.4905486106872559
  ],
  "val_accuracy": [
    0.5,
    0.5,
    0.5,
    0.5,
    0.5,
    0.5,
    0.5,
    0.5,
    0.49000000953674316,
    0.49000000953674316,
    0.49000000953674316,
    0.49000000953674316,
    0.5,
    0.5,
    0.5,
    0.5,
    0.5,
    0.5,
    0.5,
    0.5,
    0.5,
    0.5,
    0.5,
    0.009999999776482582,
    0.5
  ],
  "val_loss": [
    1.095862627029419,
    1.0945607423782349,
    1.0914101600646973,
    1.090789556503296,
    1.038720726966858,
    1.0432052612304688,
    1.0321016311645508,
    1.033422589302063,
    1.0210741758346558,
    1.0119805335998535,
    1.0452156066894531,
    1.0487130880355835,
    0.9627397060394287,
    0.9646406769752502,
    1.115012288093567,
    1.1033002138137817,
    0.9987969398498535,
    0.9859510660171509,
    1.0814281702041626,
    1.0673985481262207,
    0.9958779215812683,
    0.9765412211418152,
    1.1559760570526123,
    1.1955184936523438,
    1.1024304628372192
  ],
  "learning_rate": [
    4.999999873689376e-05,
    4.999999873689376e-05,
    4.999999873689376e-05,
    4.999999873689376e-05,
    4.999999873689376e-05,
    4.999999873689376e-05,
    4.999999873689376e-05,
    4.999999873689376e-05,
    4.999999873689376e-05,
    4.999999873689376e-05,
    4.999999873689376e-05,
    4.999999873689376e-05,
    4.999999873689376e-05,
    4.999999873689376e-05,
    4.999999873689376e-05,
    4.999999873689376e-05,
    4.999999873689376e-05,
    4.999999873689376e-05,
    4.999999873689376e-05,
    4.999999873689376e-05,
    2.499999936844688e-05,
    2.499999936844688e-05,
    2.499999936844688e-05,
    2.499999936844688e-05,
    2.499999936844688e-05
  ]
}