{
  "validation_accuracy": 100.0,
  "average_confidence": 63.94367980957031,
  "min_confidence": 47.74519729614258,
  "max_confidence": 77.61580657958984,
  "target_achieved": 