{
  "original_accuracy": 0.1428571492433548,
  "final_accuracy": 0.1428571492433548,
  "improvement_percent": 0.0,
  "target_achieved": false
}