{
  "accuracy": [
    0.9477250576019287,
    0.9854791760444641,
    0.9970958232879639,
    1.0,
    1.0,
    0.9990319609642029,
    0.9990319609642029,
    0.9990319609642029,
    0.9951597452163696,
    0.9883833527565002,
    0.9941916465759277,
    0.998063862323761,
    1.0,
    0.9970958232879639,
    0.9961277842521667,
    0.9932236075401306
  ],
  "loss": [
    0.14435866475105286,
    0.04093208163976669,
    0.010967478156089783,
    0.004128438886255026,
    0.0029563121497631073,
    0.002752255881205201,
    0.0029309859964996576,
    0.0037028237711638212,
    0.01200859434902668,
    0.04729989916086197,
    0.015680937096476555,
    0.003022364340722561,
    0.0015079104341566563,
    0.007275184616446495,
    0.008219221606850624,
    0.014893993735313416
  ],
  "val_accuracy": [
    1.0,
    1.0,
    1.0,
    1.0,
    1.0,
    1.0,
    1.0,
    1.0,
    1.0,
    1.0,
    1.0,
    1.0,
    1.0,
    1.0,
    1.0,
    1.0
  ],
  "val_loss": [
    0.1455308049917221,
    0.06275264173746109,
    0.02102172002196312,
    0.009223148226737976,
    0.002175796078518033,
    0.0012852303916588426,
    0.0007623255369253457,
    0.0004417291493155062,
    0.0005489392206072807,
    0.0004716892435681075,
    1.2682047781709116e-05,
    3.861636287183501e-06,
    6.0887145991728175e-06,
    4.862988589593442e-06,
    0.00012284844706300646,
    7.099240610841662e-05
  ],
  "learning_rate": [
    0.0010000000474974513,
    0.0010000000474974513,
    0.0010000000474974513,
    0.0010000000474974513,
    0.0010000000474974513,
    0.0010000000474974513,
    0.0010000000474974513,
    0.0010000000474974513,
    0.0010000000474974513,
    0.0010000000474974513,
    0.0010000000474974513,
    0.0010000000474974513,
    0.0010000000474974513,
    0.0010000000474974513,
    0.0010000000474974513,
    0.0010000000474974513
  ]
}