{
  "accuracy": [
    0.9864376187324524,
    0.9936708807945251,
    0.994575023651123,
    0.9966093897819519,
    0.9979656338691711,
    0.9993218779563904,
    0.995705246925354,
    0.9925406575202942,
    0.9961573481559753,
    0.9977396130561829,
    0.9984177350997925,
    0.9986437559127808,
    0.9986437559127808,
    0.9997739791870117,
    0.9990958571434021,
    0.9990958571434021
  ],
  "loss": [
    0.04751105606555939,
    0.01647534966468811,
    0.021198758855462074,
    0.013068504631519318,
    0.009274071082472801,
    0.0033618605230003595,
    0.01444209273904562,
    0.027865204960107803,
    0.014451888389885426,
    0.009118543937802315,
    0.005302507430315018,
    0.0035481967497617006,
    0.004355375189334154,
    0.0014639300061389804,
    0.0027106457855552435,
    0.007242757361382246
  ],
  "val_accuracy": [
    1.0,
    1.0,
    1.0,
    1.0,
    1.0,
    1.0,
    1.0,
    1.0,
    1.0,
    1.0,
    1.0,
    1.0,
    1.0,
    1.0,
    1.0,
    1.0
  ],
  "val_loss": [
    0.04067845642566681,
    0.000740153540391475,
    9.345916623715311e-05,
    0.00031489331740885973,
    4.375238131615333e-05,
    1.9476094166748226e-05,
    5.666179640684277e-05,
    8.080952284217346e-06,
    2.9193281079642475e-05,
    1.7548360119690187e-05,
    1.4301531336968765e-05,
    7.999637091415934e-06,
    9.301035788666923e-06,
    9.928978215612005e-06,
    2.3780559786246158e-05,
    3.1767598557053134e-05
  ],
  "learning_rate": [
    0.0003000000142492354,
    0.0003000000142492354,
    0.0003000000142492354,
    0.0003000000142492354,
    0.0003000000142492354,
    0.0003000000142492354,
    0.0003000000142492354,
    0.0003000000142492354,
    0.0001500000071246177,
    0.0001500000071246177,
    0.0001500000071246177,
    0.0001500000071246177,
    0.0001500000071246177,
    7.500000356230885e-05,
    7.500000356230885e-05,
    7.500000356230885e-05
  ]
}