{
  "accuracy": [
    0.9983174204826355,
    0.991587221622467,
    0.9974761605262756,
    0.9985978603363037,
    0.9971957206726074,
    0.9983174204826355,
    0.9994391202926636,
    0.9997195601463318,
    0.9994391202926636,
    0.9997195601463318,
    0.9991587400436401,
    1.0,
    0.9994391202926636,
    1.0,
    1.0,
    1.0
  ],
  "loss": [
    0.00551699148491025,
    0.02834293805062771,
    0.006992148235440254,
    0.006130124907940626,
    0.007488170638680458,
    0.006639850791543722,
    0.0025474834255874157,
    0.00200732727535069,
    0.0015870603965595365,
    0.002316330559551716,
    0.003461419139057398,
    0.0006649108836427331,
    0.002487014513462782,
    0.000629941001534462,
    0.00025494597502984107,
    0.000203833042178303
  ],
  "val_accuracy": [
    1.0,
    1.0,
    1.0,
    1.0,
    1.0,
    1.0,
    1.0,
    1.0,
    1.0,
    1.0,
    1.0,
    1.0,
    1.0,
    1.0,
    1.0,
    1.0
  ],
  "val_loss": [
    8.420233643846586e-05,
    6.27791669103317e-05,
    3.535639916663058e-05,
    3.854108217637986e-05,
    0.00013894864241592586,
    1.277971841773251e-05,
    1.1931306289625354e-05,
    6.462576948251808e-06,
    1.3267917893244885e-05,
    6.578577540494734e-06,
    1.6622278053546324e-05,
    9.667275662650354e-06,
    6.591629698959878e-06,
    6.1819464463042095e-06,
    5.94372431805823e-06,
    5.456032340589445e-06
  ],
  "learning_rate": [
    0.0003000000142492354,
    0.0003000000142492354,
    0.0003000000142492354,
    0.0003000000142492354,
    0.0003000000142492354,
    0.0003000000142492354,
    0.0001500000071246177,
    0.0001500000071246177,
    0.0001500000071246177,
    0.0001500000071246177,
    0.0001500000071246177,
    7.500000356230885e-05,
    7.500000356230885e-05,
    7.500000356230885e-05,
    7.500000356230885e-05,
    7.500000356230885e-05
  ]
}