{
  "accuracy": [
    0.9929927587509155,
    0.9961573481559753,
    0.995705246925354,
    0.9975135326385498,
    0.9984177350997925,
    0.9981916546821594,
    0.9993218779563904,
    0.9979656338691711,
    0.9984177350997925,
    0.9995478987693787,
    0.9993218779563904,
    0.9990958571434021,
    0.9986437559127808,
    0.9993218779563904,
    0.9984177350997925,
    0.998869776725769
  ],
  "loss": [
    0.017612529918551445,
    0.013797572813928127,
    0.017545215785503387,
    0.012521802447736263,
    0.006223211530596018,
    0.004462142009288073,
    0.002708031563088298,
    0.0059294141829013824,
    0.009487619623541832,
    0.0018994013080373406,
    0.002416134113445878,
    0.0037374815437942743,
    0.004539677407592535,
    0.0025050316471606493,
    0.005014382302761078,
    0.008608927950263023
  ],
  "val_accuracy": [
    1.0,
    1.0,
    1.0,
    1.0,
    1.0,
    1.0,
    1.0,
    1.0,
    1.0,
    1.0,
    1.0,
    1.0,
    1.0,
    1.0,
    1.0,
    1.0
  ],
  "val_loss": [
    3.1162500818027183e-05,
    2.5588793505448848e-05,
    3.0112134481896646e-05,
    3.4940530895255506e-05,
    2.6417515982757322e-05,
    2.2319052732200362e-05,
    2.187917380069848e-05,
    2.7778116418630816e-05,
    3.251949237892404e-05,
    2.6083431293955073e-05,
    1.9973680537077598e-05,
    2.1948055291431956e-05,
    1.9490878912620246e-05,
    2.088428482238669e-05,
    2.547138683439698e-05,
    3.0315592084662057e-05
  ],
  "learning_rate": [
    9.000000136438757e-05,
    9.000000136438757e-05,
    9.000000136438757e-05,
    9.000000136438757e-05,
    9.000000136438757e-05,
    9.000000136438757e-05,
    4.5000000682193786e-05,
    4.5000000682193786e-05,
    4.5000000682193786e-05,
    4.5000000682193786e-05,
    4.5000000682193786e-05,
    2.2500000341096893e-05,
    2.2500000341096893e-05,
    2.2500000341096893e-05,
    2.2500000341096893e-05,
    2.2500000341096893e-05
  ]
}